epoch,train_loss,eval_loss,eval_top1,eval_top5,lr
0,6.055028947232533,4.9453762696838375,11.163999996948242,26.439999993896485,0.0014142135623730952
